Directory,Model,Accuracy,Precision,Recall,F1 Score,Dice Score,Weighted Dice Score
./OCTA_tortuousity/model_eval/images\processed_normal (77)\result,Balanced_RF,0.9140271493212669,0.8673469387755102,0.6589147286821705,0.748898678414097,0.795733547997585,0.843832340913532
./OCTA_tortuousity/model_eval/images\processed_pdr (122)\result,Balanced_RF,0.9079159935379645,0.9010989010989011,0.8078817733990148,0.8519480519480519,0.8894996564432507,0.843832340913532
