Directory,Accuracy,Precision,Recall,F1 Score,Dice Score,Weighted Dice Score
model_eval/images\processed_pdr (28)\result,0.9781181619256017,0.8,0.631578947368421,0.7058823529411765,0.5679806918744972,0.5679806918744972
