Directory,Model,Accuracy,Precision,Recall,F1 Score,Dice Score,Weighted Dice Score
./OCTA_tortuousity/model_eval/images\processed_normal (77)\result,XGBoost,0.9049773755656109,0.8586956521739131,0.6124031007751938,0.7149321266968326,0.8152436082971539,0.8537738606267763
./OCTA_tortuousity/model_eval/images\processed_pdr (122)\result,XGBoost,0.9030694668820679,0.9132947976878613,0.7783251231527094,0.8404255319148937,0.8903563418888611,0.8537738606267763
